accuracy_score,balanced_accuracy_score,cohen_kappa_score,Class_0,Class_1,Class_2,Class_3,Class_4,Class_5,Class_6,Class_7,Class_8,inference_time
0.814020628732172,0.9022980375784478,0.7633230248161837,0.8835605704435041,0.6965052448502635,0.8534342888047594,0.9580668088130775,0.9981735159817352,0.9568947478551998,0.9342592592592592,0.8426573426573427,0.9971305595408895,7.082641124725342
