accuracy_score,balanced_accuracy_score,cohen_kappa_score,Class_0,Class_1,Class_2,Class_3,Class_4,Class_5,Class_6,Class_7,Class_8,inference_time
0.8744016187139121,0.8884893581225746,0.8321845006980728,0.9083215796897038,0.8911897385727485,0.8680367766360195,0.933546552949538,0.9981735159817352,0.7991211550533585,0.8870370370370371,0.7124125874125874,0.9985652797704447,21.00174045562744
