accuracy_score,balanced_accuracy_score,cohen_kappa_score,Class_0,Class_1,Class_2,Class_3,Class_4,Class_5,Class_6,Class_7,Class_8,inference_time
0.8234960272417707,0.8978108264786991,0.7736474587713943,0.8868515906597711,0.7291157128104788,0.8604651162790697,0.9520255863539445,0.9972602739726028,0.9420380832810211,0.912962962962963,0.8024475524475524,0.9971305595408895,20.914835214614868
