accuracy_score,balanced_accuracy_score,cohen_kappa_score,Class_0,Class_1,Class_2,Class_3,Class_4,Class_5,Class_6,Class_7,Class_8,inference_time
0.8793860731382322,0.9021736865705878,0.8391789871374665,0.8721203573107663,0.8891244089352682,0.8734451054624122,0.923951670220327,0.9963470319634703,0.8171165515798284,0.9333333333333333,0.8155594405594405,0.9985652797704447,7.166001558303833
