accuracy_score,balanced_accuracy_score,cohen_kappa_score,inference_time
0.7529796681467633,0.5117803902363411,0.6550821913182981,4.180069923400879
