accuracy_score,balanced_accuracy_score,cohen_kappa_score,inference_time,Class_0,Class_1,Class_2,Class_3,Class_4,Class_5,Class_6,Class_7,Class_8
0.8005810264801149,0.7022775806592624,0.7313524090927759,11.814768075942993,0.6613528651443343,0.9408655687476063,0.673469387755102,0.544055944055944,0.6900212314225053,0.9059926157341665,0.761546723952739,0.6047323506594259,0.5384615384615384
