accuracy_score,balanced_accuracy_score,cohen_kappa_score
0.8690114512736621,0.7373995634433526,0.8250172305766983
