val_loss,val_acc,loss,acc,training_time
1.5124634910713544,0.48303030452437024,1.5850464555548458,0.46904065071537,72.81481552124023
1.2368673113259403,0.5384848508137193,1.360842995672691,0.48754471618591283,
0.989290019327944,0.644965036348863,1.0235172225934703,0.6477723614153702,
0.8305258635770191,0.7001087780703198,0.7906036484713962,0.7035772373082071,
0.6816097863695838,0.739510499956933,0.5013884531197751,0.8239024418883207,
