val_loss,val_acc,loss,acc
1.5819120678034695,0.4672727332111787,1.6576981797450927,0.4357073191417063
1.230907516046004,0.5346697811037302,1.286313705691477,0.5331707325923006
1.077202400023287,0.6346464634618976,0.9895610206010865,0.6461138225455837
0.78219093314626,0.7262470850890334,0.8537650300598726,0.7000650432778568
0.7854933582923629,0.6895493397658522,0.6204970834458746,0.7611056903513467
