aRMSE,aSAM,overallRMSE,rmsAAD,perClassSumRMSE,class0RMSE,class1RMSE,class2RMSE,class3RMSE,class4RMSE,class5RMSE,inference_time
0.024779800325632095,0.07505732029676437,0.03355914354324341,0.11387832462787628,0.19838282465934753,0.043022021651268005,0.03164081647992134,0.026211204007267952,0.030461212620139122,0.028907621279358864,0.0381399542093277,2.091261148452759
