aRMSE,aSAM,overallRMSE,rmsAAD,perClassSumRMSE,class0RMSE,class1RMSE,class2RMSE,class3RMSE,class4RMSE,class5RMSE,inference_time
0.024895982816815376,0.07343482971191406,0.03230871632695198,0.10761990398168564,0.1901818811893463,0.03773222863674164,0.0390142947435379,0.02968728542327881,0.0225434098392725,0.02537200041115284,0.03583265095949173,1.7790215015411377
