aRMSE,aSAM,overallRMSE,rmsAAD,perClassSumRMSE,class0RMSE,class1RMSE,class2RMSE,class3RMSE,class4RMSE,class5RMSE,inference_time
0.024645071476697922,0.07576069235801697,0.0320855975151062,0.10870585590600967,0.18924729526042938,0.03872779384255409,0.03396612033247948,0.027050940319895744,0.02443115971982479,0.026307567954063416,0.03876371681690216,1.8758642673492432
