aRMSE,aSAM,overallRMSE,rmsAAD,perClassSumRMSE,class0RMSE,class1RMSE,class2RMSE,class3RMSE,class4RMSE,class5RMSE,inference_time
0.023636050522327423,0.07263107597827911,0.03235158324241638,0.11124610155820847,0.19297495484352112,0.03747400641441345,0.03362411633133888,0.028212854638695717,0.029533950611948967,0.028881952166557312,0.03524809330701828,1.9119603633880615
