aRMSE,aSAM,overallRMSE,rmsAAD,perClassSumRMSE,class0RMSE,class1RMSE,class2RMSE,class3RMSE,class4RMSE,class5RMSE,inference_time
0.026044441387057304,0.0795397087931633,0.03431757166981697,0.11748239398002625,0.20264112949371338,0.041762519627809525,0.03760692477226257,0.03118681162595749,0.02540958859026432,0.02756432630121708,0.039110954850912094,1.9004950523376465
