aRMSE,aSAM,overallRMSE,rmsAAD,perClassSumRMSE,class0RMSE,class1RMSE,class2RMSE,class3RMSE,class4RMSE,class5RMSE,rRMSE,rSID,inference_time
0.05578971654176712,0.18042419850826263,0.08676911145448685,0.3170921802520752,0.5087558627128601,0.08388983458280563,0.1046094223856926,0.08180143684148788,0.05622309446334839,0.11029449850320816,0.07193758338689804,0.061001941561698914,2139.973388671875,28.288429021835327
