aRMSE,aSAM,overallRMSE,rmsAAD,perClassSumRMSE,class0RMSE,class1RMSE,class2RMSE,class3RMSE,class4RMSE,class5RMSE,rRMSE,rSID,inference_time
0.05683261901140213,0.18019743263721466,0.08575913310050964,0.30029407143592834,0.49966150522232056,0.09589672088623047,0.10897000879049301,0.08477947860956192,0.042813558131456375,0.08899085968732834,0.07821085304021835,0.0611070841550827,2134.43505859375,30.582353353500366
