aRMSE,aSAM,overallRMSE,rmsAAD,perClassSumRMSE,class0RMSE,class1RMSE,class2RMSE,class3RMSE,class4RMSE,class5RMSE,rRMSE,rSID,inference_time
0.055019378662109375,0.17434434592723846,0.08321162313222885,0.2941383123397827,0.48835766315460205,0.08676241338253021,0.10565787553787231,0.08326598256826401,0.05066443607211113,0.09173461049795151,0.07027236372232437,0.06076403334736824,2134.71875,28.198334455490112
