aRMSE,aSAM,overallRMSE,rmsAAD,perClassSumRMSE,class0RMSE,class1RMSE,class2RMSE,class3RMSE,class4RMSE,class5RMSE,rRMSE,rSID,inference_time
0.05865723639726639,0.18715044856071472,0.0892203077673912,0.31987622380256653,0.5268217921257019,0.08985477685928345,0.10683310031890869,0.0829562097787857,0.06584237515926361,0.10821428894996643,0.07312104105949402,0.06004819646477699,2141.174072265625,28.56475257873535
