aRMSE,aSAM,overallRMSE,rmsAAD,perClassSumRMSE,class0RMSE,class1RMSE,class2RMSE,class3RMSE,class4RMSE,class5RMSE,rRMSE,rSID,inference_time
0.058169733732938766,0.1854182481765747,0.08713821321725845,0.3107701241970062,0.5158001780509949,0.09216897934675217,0.10238532721996307,0.08092397451400757,0.062247905880212784,0.10131576657295227,0.07675822824239731,0.060393963009119034,2141.037109375,39.23172664642334
