accuracy_score,balanced_accuracy_score,cohen_kappa_score,Class_0,Class_1,Class_2,Class_3,Class_4,Class_5,Class_6,Class_7,Class_8,inference_time
0.7616098307259537,0.832004315862916,0.6970740232631014,0.7751136185550854,0.6934072503940432,0.7490535424553812,0.8955223880597015,0.9388127853881278,0.8085373509102323,0.8842592592592593,0.8021561771561772,0.9411764705882353,6.757749080657959
