accuracy_score,balanced_accuracy_score,cohen_kappa_score,Class_0,Class_1,Class_2,Class_3,Class_4,Class_5,Class_6,Class_7,Class_8,inference_time
0.8653457039924987,0.8997330100935543,0.8221848300262138,0.8854411534242281,0.8553182238165118,0.8696592752839373,0.9516702203269367,0.9990867579908675,0.8085373509102323,0.9324074074074075,0.796911421911422,0.9985652797704447,35.43611764907837
