accuracy_score,balanced_accuracy_score,cohen_kappa_score,Class_0,Class_1,Class_2,Class_3,Class_4,Class_5,Class_6,Class_7,Class_8,inference_time
0.8622612643734886,0.9059251859787527,0.8197442081796683,0.8807396959724181,0.8208598293385511,0.8561384532179557,0.9466950959488273,0.9963470319634703,0.8987235823394015,0.9064814814814814,0.8487762237762237,0.9985652797704447,36.00755214691162
